"id","picture","name","hp","str","defense","speed","tg","tf","lv"
1,http://jimmypm.ehosting.com.tw/pm001.gif,妙蛙種子,45,49,49,65,49,65,1
2,http://jimmypm.ehosting.com.tw/pm002.gif,妙蛙草,60,62,63,80,63,80,1
3,http://jimmypm.ehosting.com.tw/pm003.gif,妙蛙花,80,82,83,100,83,100,1
4,http://jimmypm.ehosting.com.tw/pm004.gif,小火龍,39,52,43,50,43,60,1
5,http://jimmypm.ehosting.com.tw/pm005.gif,火恐龍,58,64,58,65,58,80,1
6,http://jimmypm.ehosting.com.tw/pm006.gif,噴火龍,78,84,78,85,78,109,1
7,http://jimmypm.ehosting.com.tw/pm007.gif,傑尼龜,44,48,65,64,65,50,1
8,http://jimmypm.ehosting.com.tw/pm008.gif,卡咪龜,59,63,80,80,80,65,1
9,http://jimmypm.ehosting.com.tw/pm009.gif,水箭龜,79,83,100,105,100,85,1
10,http://jimmypm.ehosting.com.tw/pm010.gif,綠毛蟲,45,30,35,20,35,20,1
11,http://jimmypm.ehosting.com.tw/pm011.gif,鐵甲蛹,50,20,55,25,55,25,1
12,http://jimmypm.ehosting.com.tw/pm012.gif,巴大蝶,60,45,50,80,50,90,1
13,http://jimmypm.ehosting.com.tw/pm013.gif,獨角蟲,40,35,30,20,30,20,1
14,http://jimmypm.ehosting.com.tw/pm014.gif,鐵殼蛹,45,25,50,25,50,25,1
15,http://jimmypm.ehosting.com.tw/pm015.gif,大針蜂,65,90,40,80,40,45,1
16,http://jimmypm.ehosting.com.tw/pm016.gif,波波,40,45,40,35,40,35,1
17,http://jimmypm.ehosting.com.tw/pm017.gif,比比鳥,63,60,55,50,55,50,1
18,http://jimmypm.ehosting.com.tw/pm018.gif,大比鳥,83,80,75,70,75,70,1
19,http://jimmypm.ehosting.com.tw/pm019.gif,小拉達,30,56,35,35,35,25,1
20,http://jimmypm.ehosting.com.tw/pm020.gif,拉達,55,81,60,70,60,50,1
21,http://jimmypm.ehosting.com.tw/pm021.gif,烈雀,40,60,30,31,30,31,1
22,http://jimmypm.ehosting.com.tw/pm022.gif,大嘴雀,65,90,65,61,65,61,1
23,http://jimmypm.ehosting.com.tw/pm023.gif,阿柏蛇,35,60,44,54,44,40,1
24,http://jimmypm.ehosting.com.tw/pm024.gif,阿柏怪,60,95,69,79,69,65,1
25,http://jimmypm.ehosting.com.tw/pm025.gif,皮卡丘,35,55,40,50,40,50,1
26,http://jimmypm.ehosting.com.tw/pm026.gif,雷丘,60,90,55,80,55,90,1
27,http://jimmypm.ehosting.com.tw/pm027.gif,穿山鼠,50,75,85,30,85,20,1
28,http://jimmypm.ehosting.com.tw/pm028.gif,穿山王,75,100,110,55,110,45,1
29,http://jimmypm.ehosting.com.tw/pm029.gif,尼多蘭,55,47,52,40,52,40,1
30,http://jimmypm.ehosting.com.tw/pm030.gif,尼多娜,70,62,67,55,67,55,1
31,http://jimmypm.ehosting.com.tw/pm031.gif,尼多后,90,92,87,85,87,75,1
32,http://jimmypm.ehosting.com.tw/pm032.gif,尼多朗,46,57,40,40,40,40,1
33,http://jimmypm.ehosting.com.tw/pm033.gif,尼多力諾,61,72,57,55,57,55,1
34,http://jimmypm.ehosting.com.tw/pm034.gif,尼多王,81,102,77,75,77,85,1
35,http://jimmypm.ehosting.com.tw/pm035.gif,皮皮,70,45,48,65,48,60,1
36,http://jimmypm.ehosting.com.tw/pm036.gif,皮可西,95,70,73,90,73,95,1
37,http://jimmypm.ehosting.com.tw/pm037.gif,六尾,38,41,40,65,40,50,1
38,http://jimmypm.ehosting.com.tw/pm038.gif,九尾,73,76,75,100,75,81,1
39,http://jimmypm.ehosting.com.tw/pm039.gif,胖丁,115,45,20,25,20,45,1
40,http://jimmypm.ehosting.com.tw/pm040.gif,胖可丁,140,70,45,50,45,85,1
41,http://jimmypm.ehosting.com.tw/pm041.gif,超音蝠,40,45,35,40,35,30,1
42,http://jimmypm.ehosting.com.tw/pm042.gif,大嘴蝠,75,80,70,75,70,65,1
43,http://jimmypm.ehosting.com.tw/pm043.gif,走路草,45,50,55,65,55,75,1
44,http://jimmypm.ehosting.com.tw/pm044.gif,臭臭花,60,65,70,75,70,85,1
45,http://jimmypm.ehosting.com.tw/pm045.gif,霸王花,75,80,85,90,85,110,1
46,http://jimmypm.ehosting.com.tw/pm046.gif,派拉斯,35,70,55,55,55,45,1
47,http://jimmypm.ehosting.com.tw/pm047.gif,派拉斯特,60,95,80,80,80,60,1
48,http://jimmypm.ehosting.com.tw/pm048.gif,毛球,60,55,50,55,50,40,1
49,http://jimmypm.ehosting.com.tw/pm049.gif,摩魯蛾,70,65,60,75,60,90,1
50,http://jimmypm.ehosting.com.tw/pm050.gif,地鼠,10,55,25,45,25,35,1
51,http://jimmypm.ehosting.com.tw/pm051.gif,三地鼠,35,100,50,70,50,50,1
52,http://jimmypm.ehosting.com.tw/pm052.gif,喵喵,40,45,35,40,35,40,1
53,http://jimmypm.ehosting.com.tw/pm053.gif,貓老大,65,70,60,65,60,65,1
54,http://jimmypm.ehosting.com.tw/pm054.gif,可達鴨,50,52,48,50,48,65,1
55,http://jimmypm.ehosting.com.tw/pm055.gif,哥達鴨,80,82,78,80,78,95,1
56,http://jimmypm.ehosting.com.tw/pm056.gif,猴怪,40,80,35,45,35,35,1
57,http://jimmypm.ehosting.com.tw/pm057.gif,火爆猴,65,105,60,70,60,60,1
58,http://jimmypm.ehosting.com.tw/pm058.gif,卡蒂狗,55,70,45,50,45,70,1
59,http://jimmypm.ehosting.com.tw/pm059.gif,風速狗,90,110,80,80,80,100,1
60,http://jimmypm.ehosting.com.tw/pm060.gif,蚊香蝌蚪,40,50,40,40,40,40,1
61,http://jimmypm.ehosting.com.tw/pm061.gif,蚊香君,65,65,65,50,65,50,1
62,http://jimmypm.ehosting.com.tw/pm062.gif,蚊香泳士,90,95,95,90,95,70,1
63,http://jimmypm.ehosting.com.tw/pm063.gif,凱西,25,20,15,55,15,105,1
64,http://jimmypm.ehosting.com.tw/pm064.gif,勇基拉,40,35,30,70,30,120,1
65,http://jimmypm.ehosting.com.tw/pm065.gif,胡地,55,50,45,95,45,135,1
66,http://jimmypm.ehosting.com.tw/pm066.gif,腕力,70,80,50,35,50,35,1
67,http://jimmypm.ehosting.com.tw/pm067.gif,豪力,80,100,70,60,70,50,1
68,http://jimmypm.ehosting.com.tw/pm068.gif,怪力,90,130,80,85,80,65,1
69,http://jimmypm.ehosting.com.tw/pm069.gif,喇叭芽,50,75,35,30,35,70,1
70,http://jimmypm.ehosting.com.tw/pm070.gif,口呆花,65,90,50,45,50,85,1
71,http://jimmypm.ehosting.com.tw/pm071.gif,大食花,80,105,65,70,65,100,1
72,http://jimmypm.ehosting.com.tw/pm072.gif,瑪瑙水母,40,40,35,100,35,50,1
73,http://jimmypm.ehosting.com.tw/pm073.gif,毒刺水母,80,70,65,120,65,80,1
74,http://jimmypm.ehosting.com.tw/pm074.gif,小拳石,40,80,100,30,100,30,1
75,http://jimmypm.ehosting.com.tw/pm075.gif,隆隆石,55,95,115,45,115,45,1
76,http://jimmypm.ehosting.com.tw/pm076.gif,隆隆岩,80,120,130,65,130,55,1
77,http://jimmypm.ehosting.com.tw/pm077.gif,小火馬,50,85,55,65,55,65,1
78,http://jimmypm.ehosting.com.tw/pm078.gif,烈焰馬,65,100,70,80,70,80,1
79,http://jimmypm.ehosting.com.tw/pm079.gif,呆呆獸,90,65,65,40,65,40,1
80,http://jimmypm.ehosting.com.tw/pm080.gif,呆殼獸,95,75,110,80,110,100,1
81,http://jimmypm.ehosting.com.tw/pm081.gif,小磁怪,25,35,70,55,70,95,1
82,http://jimmypm.ehosting.com.tw/pm082.gif,三合一磁怪,50,60,95,70,95,120,1
83,http://jimmypm.ehosting.com.tw/pm083.gif,大蔥鴨,52,90,55,62,55,58,1
84,http://jimmypm.ehosting.com.tw/pm084.gif,嘟嘟,35,85,45,35,45,35,1
85,http://jimmypm.ehosting.com.tw/pm085.gif,嘟嘟利,60,110,70,60,70,60,1
86,http://jimmypm.ehosting.com.tw/pm086.gif,小海獅,65,45,55,70,55,45,1
87,http://jimmypm.ehosting.com.tw/pm087.gif,白海獅,90,70,80,95,80,70,1
88,http://jimmypm.ehosting.com.tw/pm088.gif,臭泥,80,80,50,50,50,40,1
89,http://jimmypm.ehosting.com.tw/pm089.gif,臭臭泥,105,105,75,100,75,65,1
90,http://jimmypm.ehosting.com.tw/pm090.gif,大舌貝,30,65,100,25,100,45,1
91,http://jimmypm.ehosting.com.tw/pm091.gif,刺甲貝,50,95,180,45,180,85,1
92,http://jimmypm.ehosting.com.tw/pm092.gif,鬼斯,30,35,30,35,30,100,1
93,http://jimmypm.ehosting.com.tw/pm093.gif,鬼斯通,45,50,45,55,45,115,1
94,http://jimmypm.ehosting.com.tw/pm094.gif,耿鬼,60,65,60,75,60,130,1
95,http://jimmypm.ehosting.com.tw/pm095.gif,大岩蛇,35,45,160,45,160,30,1
96,http://jimmypm.ehosting.com.tw/pm096.gif,催眠貘,60,48,45,90,45,43,1
97,http://jimmypm.ehosting.com.tw/pm097.gif,引夢貘人,85,73,70,115,70,73,1
98,http://jimmypm.ehosting.com.tw/pm099.gif,巨鉗蟹,55,130,115,50,115,50,1
99,http://jimmypm.ehosting.com.tw/pm100.gif,霹靂電球,40,30,50,55,50,55,1
100,http://jimmypm.ehosting.com.tw/pm101.gif,頑皮雷彈,60,50,70,80,70,80,1
101,http://jimmypm.ehosting.com.tw/pm103.gif,椰蛋樹,95,95,85,75,85,125,1
102,http://jimmypm.ehosting.com.tw/pm104.gif,卡拉卡拉,50,50,95,50,95,40,1
103,http://jimmypm.ehosting.com.tw/pm105.gif,嗄拉嗄拉,60,80,110,80,110,50,1
104,http://jimmypm.ehosting.com.tw/pm106.gif,飛腿郎,50,120,53,110,53,35,1
105,http://jimmypm.ehosting.com.tw/pm107.gif,快拳郎,50,105,79,110,79,35,1
106,http://jimmypm.ehosting.com.tw/pm108.gif,大舌頭,90,55,75,75,75,60,1
107,http://jimmypm.ehosting.com.tw/pm109.gif,瓦斯彈,40,65,95,45,95,60,1
108,http://jimmypm.ehosting.com.tw/pm110.gif,雙彈瓦斯,65,90,120,70,120,85,1
109,http://jimmypm.ehosting.com.tw/pm111.gif,獨角犀牛,80,85,95,30,95,30,1
110,http://jimmypm.ehosting.com.tw/pm112.gif,鑽角犀獸,105,130,120,45,120,45,1
111,http://jimmypm.ehosting.com.tw/pm113.gif,吉利蛋,250,5,5,105,5,35,1
112,http://jimmypm.ehosting.com.tw/pm114.gif,蔓藤怪,65,55,115,40,115,100,1
113,http://jimmypm.ehosting.com.tw/pm115.gif,袋獸,105,95,80,80,80,40,1
114,http://jimmypm.ehosting.com.tw/pm116.gif,墨海馬,30,40,70,25,70,70,1
115,http://jimmypm.ehosting.com.tw/pm117.gif,海刺龍,55,65,95,45,95,95,1
116,http://jimmypm.ehosting.com.tw/pm118.gif,角金魚,45,67,60,50,60,35,1
117,http://jimmypm.ehosting.com.tw/pm119.gif,金魚王,80,92,65,80,65,65,1
118,http://jimmypm.ehosting.com.tw/pm120.gif,海星星,30,45,55,55,55,70,1
119,http://jimmypm.ehosting.com.tw/pm121.gif,寶石海星,60,75,85,85,85,100,1
120,http://jimmypm.ehosting.com.tw/pm122.gif,魔牆人偶,40,45,65,120,65,100,1
121,http://jimmypm.ehosting.com.tw/pm123.gif,飛天螳螂,70,110,80,80,80,55,1
122,http://jimmypm.ehosting.com.tw/pm124.gif,迷唇姐,65,50,35,95,35,115,1
123,http://jimmypm.ehosting.com.tw/pm125.gif,電擊獸,65,83,57,85,57,95,1
124,http://jimmypm.ehosting.com.tw/pm126.gif,鴨嘴火獸,65,95,57,85,57,100,1
125,http://jimmypm.ehosting.com.tw/pm127.gif,凱羅斯,65,125,100,70,100,55,1
126,http://jimmypm.ehosting.com.tw/pm128.gif,肯泰羅,75,100,95,70,95,40,1
127,http://jimmypm.ehosting.com.tw/pm129.gif,鯉魚王,20,10,55,20,55,15,1
128,http://jimmypm.ehosting.com.tw/pm130.gif,暴鯉龍,95,125,79,100,79,60,1
129,http://jimmypm.ehosting.com.tw/pm131.gif,拉普拉斯,130,85,80,95,80,85,1
130,http://jimmypm.ehosting.com.tw/pm132.gif,百變怪,48,48,48,48,48,48,1
131,http://jimmypm.ehosting.com.tw/pm133.gif,伊布,55,55,50,65,50,45,1
132,http://jimmypm.ehosting.com.tw/pm134.gif,水伊布,130,65,60,95,60,110,1
133,http://jimmypm.ehosting.com.tw/pm135.gif,雷伊布,65,65,60,95,60,110,1
134,http://jimmypm.ehosting.com.tw/pm136.gif,火伊布,65,130,60,110,60,95,1
135,http://jimmypm.ehosting.com.tw/pm137.gif,多邊獸,65,60,70,75,70,85,1
136,http://jimmypm.ehosting.com.tw/pm138.gif,菊石獸,35,40,100,55,100,90,1
137,http://jimmypm.ehosting.com.tw/pm139.gif,多刺菊石獸,70,60,125,70,125,115,1
138,http://jimmypm.ehosting.com.tw/pm140.gif,化石盔,30,80,90,45,90,55,1
139,http://jimmypm.ehosting.com.tw/pm141.gif,鐮刀盔,60,115,105,70,105,65,1
140,http://jimmypm.ehosting.com.tw/pm142.gif,化石翼龍,80,105,65,75,65,60,1
141,http://jimmypm.ehosting.com.tw/pm143.gif,卡比獸,160,110,65,110,65,65,1
142,http://jimmypm.ehosting.com.tw/pm144.gif,急凍鳥,90,85,100,125,100,95,1
143,http://jimmypm.ehosting.com.tw/pm145.gif,閃電鳥,90,90,85,90,85,125,1
144,http://jimmypm.ehosting.com.tw/pm146.gif,火焰鳥,90,100,90,85,90,125,1
145,http://jimmypm.ehosting.com.tw/pm147.gif,迷你龍,41,64,45,50,45,50,1
146,http://jimmypm.ehosting.com.tw/pm148.gif,哈克龍,61,84,65,70,65,70,1
147,http://jimmypm.ehosting.com.tw/pm149.gif,快龍,91,134,95,100,95,100,1
148,http://jimmypm.ehosting.com.tw/pm150.gif,超夢,106,110,90,90,90,154,1
149,http://jimmypm.ehosting.com.tw/pm151.gif,夢幻,100,100,100,100,100,100,1
150,http://jimmypm.ehosting.com.tw/pm152.gif,菊草葉,45,49,65,65,65,49,1
151,http://jimmypm.ehosting.com.tw/pm153.gif,月桂葉,60,62,80,80,80,63,1
152,http://jimmypm.ehosting.com.tw/pm154.gif,大竺葵,80,82,100,100,100,83,1
153,http://jimmypm.ehosting.com.tw/pm155.gif,火球鼠,39,52,43,50,43,60,1
154,http://jimmypm.ehosting.com.tw/pm156.gif,火岩鼠,58,64,58,65,58,80,1
155,http://jimmypm.ehosting.com.tw/pm157.gif,火爆獸,78,84,78,85,78,109,1
156,http://jimmypm.ehosting.com.tw/pm158.gif,小鋸鱷,50,65,64,48,64,44,1
157,http://jimmypm.ehosting.com.tw/pm159.gif,藍鱷,65,80,80,63,80,59,1
158,http://jimmypm.ehosting.com.tw/pm160.gif,大力鱷,85,105,100,83,100,79,1
159,http://jimmypm.ehosting.com.tw/pm161.gif,尾立,35,46,34,45,34,35,1
160,http://jimmypm.ehosting.com.tw/pm162.gif,大尾立,85,76,64,55,64,45,1
161,http://jimmypm.ehosting.com.tw/pm163.gif,咕咕,60,30,30,56,30,36,1
162,http://jimmypm.ehosting.com.tw/pm164.gif,貓頭夜鷹,100,50,50,96,50,86,1
163,http://jimmypm.ehosting.com.tw/pm165.gif,芭瓢蟲,40,20,30,80,30,40,1
164,http://jimmypm.ehosting.com.tw/pm166.gif,安瓢蟲,55,35,50,110,50,55,1
165,http://jimmypm.ehosting.com.tw/pm167.gif,圓絲蛛,40,60,40,40,40,40,1
166,http://jimmypm.ehosting.com.tw/pm168.gif,阿利多斯,70,90,70,70,70,60,1
167,http://jimmypm.ehosting.com.tw/pm169.gif,叉字蝠,85,90,80,80,80,70,1
168,http://jimmypm.ehosting.com.tw/pm170.gif,燈籠魚,75,38,38,56,38,56,1
169,http://jimmypm.ehosting.com.tw/pm171.gif,電燈怪,125,58,58,76,58,76,1
170,http://jimmypm.ehosting.com.tw/pm172.gif,皮丘,20,40,15,35,15,35,1
171,http://jimmypm.ehosting.com.tw/pm173.gif,皮寶寶,50,25,28,55,28,45,1
172,http://jimmypm.ehosting.com.tw/PM174.gif,寶寶丁,90,30,15,20,15,40,1
173,http://jimmypm.ehosting.com.tw/pm175.gif,波克比,35,20,65,65,65,40,1
174,http://jimmypm.ehosting.com.tw/pm176.gif,波克基古,55,40,85,105,85,80,1
175,http://jimmypm.ehosting.com.tw/pm177.gif,天然雀,40,50,45,45,45,70,1
176,http://jimmypm.ehosting.com.tw/pm178.gif,天然鳥,65,75,70,70,70,95,1
177,http://jimmypm.ehosting.com.tw/pm179.gif,咩利羊,55,40,40,45,40,65,1
178,http://jimmypm.ehosting.com.tw/pm180.gif,茸茸羊,70,55,55,60,55,80,1
179,http://jimmypm.ehosting.com.tw/pm181.gif,電龍,90,75,85,90,85,115,1
180,http://jimmypm.ehosting.com.tw/pm182.gif,美麗花,75,80,95,100,95,90,1
181,http://jimmypm.ehosting.com.tw/pm183.gif,瑪力露,70,20,50,50,50,20,1
182,http://jimmypm.ehosting.com.tw/pm184.gif,瑪力露麗,100,50,80,80,80,60,1
183,http://jimmypm.ehosting.com.tw/pm185.gif,樹才怪,70,100,115,65,115,30,1
184,http://jimmypm.ehosting.com.tw/pm186.gif,蚊香蛙皇,90,75,75,100,75,90,1
185,http://jimmypm.ehosting.com.tw/pm187.gif,毽子草,35,35,40,55,40,35,1
186,http://jimmypm.ehosting.com.tw/pm188.gif,毽子花,55,45,50,65,50,45,1
187,http://jimmypm.ehosting.com.tw/pm189.gif,毽子棉,75,55,70,95,70,55,1
188,http://jimmypm.ehosting.com.tw/pm190.gif,長尾怪手,55,70,55,55,55,40,1
189,http://jimmypm.ehosting.com.tw/pm191.gif,向日種子,30,30,30,30,30,30,1
190,http://jimmypm.ehosting.com.tw/pm192.gif,向日花怪,75,75,55,85,55,105,1
191,http://jimmypm.ehosting.com.tw/pm193.gif,蜻蜻蜓,65,65,45,45,45,75,1
192,http://jimmypm.ehosting.com.tw/pm194.gif,烏波,55,45,45,25,45,25,1
193,http://jimmypm.ehosting.com.tw/pm195.gif,沼王,95,85,85,65,85,65,1
194,http://jimmypm.ehosting.com.tw/pm196.gif,太陽伊布,65,65,60,95,60,130,1
195,http://jimmypm.ehosting.com.tw/pm197.gif,月亮伊布,95,65,110,130,110,60,1
196,http://jimmypm.ehosting.com.tw/pm198.gif,黑暗鴉,60,85,42,42,42,85,1
197,http://jimmypm.ehosting.com.tw/pm199.gif,呆呆王,95,75,80,110,80,100,1
198,http://jimmypm.ehosting.com.tw/pm200.gif,夢妖,60,60,60,85,60,85,1
199,http://jimmypm.ehosting.com.tw/pm201.gif,未知圖騰,48,72,48,48,48,72,1
200,http://jimmypm.ehosting.com.tw/pm202.gif,果然翁,190,33,58,58,58,33,1
201,http://jimmypm.ehosting.com.tw/pm203.gif,麒麟奇,70,80,65,65,65,90,1
202,http://jimmypm.ehosting.com.tw/pm204.gif,榛果球,50,65,90,35,90,35,1
203,http://jimmypm.ehosting.com.tw/pm205.gif,佛烈托斯,75,90,140,60,140,60,1
204,http://jimmypm.ehosting.com.tw/pm206.gif,土龍弟弟,100,70,70,65,70,65,1
205,http://jimmypm.ehosting.com.tw/pm207.gif,天蠍,65,75,105,65,105,35,1
206,http://jimmypm.ehosting.com.tw/pm208.gif,大鋼蛇,75,85,200,65,200,55,1
207,http://jimmypm.ehosting.com.tw/pm209.gif,布魯,60,80,50,40,50,40,1
208,http://jimmypm.ehosting.com.tw/pm210.gif,布魯皇,90,120,75,60,75,60,1
209,http://jimmypm.ehosting.com.tw/pm211.gif,千針魚,65,95,85,55,85,55,1
210,http://jimmypm.ehosting.com.tw/pm212.gif,巨鉗螳螂,70,130,100,80,100,55,1
211,http://jimmypm.ehosting.com.tw/pm213.gif,壺壺,20,10,230,230,230,10,1
212,http://jimmypm.ehosting.com.tw/pm214.gif,赫拉克羅斯,80,125,75,95,75,40,1
213,http://jimmypm.ehosting.com.tw/pm215.gif,狃拉,55,95,55,75,55,35,1
214,http://jimmypm.ehosting.com.tw/pm216.gif,熊寶寶,60,80,50,50,50,50,1
215,http://jimmypm.ehosting.com.tw/pm217.gif,圈圈熊,90,130,75,75,75,75,1
216,http://jimmypm.ehosting.com.tw/pm218.gif,熔岩蟲,40,40,40,40,40,70,1
217,http://jimmypm.ehosting.com.tw/pm219.gif,熔岩蝸牛,60,50,120,80,120,90,1
218,http://jimmypm.ehosting.com.tw/pm220.gif,小山豬,50,50,40,30,40,30,1
219,http://jimmypm.ehosting.com.tw/pm221.gif,長毛豬,100,100,80,60,80,60,1
220,http://jimmypm.ehosting.com.tw/pm222.gif,太陽珊瑚,65,55,95,95,95,65,1
221,http://jimmypm.ehosting.com.tw/pm223.gif,鐵炮魚,35,65,35,35,35,65,1
222,http://jimmypm.ehosting.com.tw/pm224.gif,章魚桶,75,105,75,75,75,105,1
223,http://jimmypm.ehosting.com.tw/pm225.gif,信使鳥,45,55,45,45,45,65,1
224,http://jimmypm.ehosting.com.tw/pm226.gif,巨翅飛魚,85,40,70,140,70,80,1
225,http://jimmypm.ehosting.com.tw/pm227.gif,盔甲鳥,65,80,140,70,140,40,1
226,http://jimmypm.ehosting.com.tw/pm228.gif,戴魯比,45,60,30,50,30,80,1
227,http://jimmypm.ehosting.com.tw/pm229.gif,黑魯加,75,90,50,80,50,110,1
228,http://jimmypm.ehosting.com.tw/pm230.gif,刺龍王,75,95,95,95,95,95,1
229,http://jimmypm.ehosting.com.tw/PM231.gif,小小象,90,60,60,40,60,40,1
230,http://jimmypm.ehosting.com.tw/pm232.gif,頓甲,90,120,120,60,120,60,1
231,http://jimmypm.ehosting.com.tw/pm233.gif,多邊獸Ⅱ,85,80,90,95,90,105,1
232,http://jimmypm.ehosting.com.tw/pm234.gif,驚角鹿,73,95,62,65,62,85,1
233,http://jimmypm.ehosting.com.tw/pm235.gif,圖圖犬,55,20,35,45,35,20,1
234,http://jimmypm.ehosting.com.tw/pm236.gif,無畏小子,35,35,35,35,35,35,1
235,http://jimmypm.ehosting.com.tw/pm237.gif,戰舞郎,50,95,95,110,95,35,1
236,http://jimmypm.ehosting.com.tw/pm238.gif,迷唇娃,45,30,15,65,15,85,1
237,http://jimmypm.ehosting.com.tw/pm239.gif,電擊怪,45,63,37,55,37,65,1
238,http://jimmypm.ehosting.com.tw/pm240.gif,鴨嘴寶寶,45,75,37,55,37,70,1
239,http://jimmypm.ehosting.com.tw/pm241.gif,大奶罐,95,80,105,70,105,40,1
240,http://jimmypm.ehosting.com.tw/pm242.gif,幸福蛋,255,10,10,135,10,75,1
241,http://jimmypm.ehosting.com.tw/pm243.gif,雷公,90,85,75,100,75,115,1
242,http://jimmypm.ehosting.com.tw/pm244.gif,炎帝,115,115,85,75,85,90,1
243,http://jimmypm.ehosting.com.tw/pm245.gif,水君,100,75,115,115,115,90,1
244,http://jimmypm.ehosting.com.tw/pm246.gif,幼基拉斯,50,64,50,50,50,45,1
245,http://jimmypm.ehosting.com.tw/pm247.gif,沙基拉斯,70,84,70,70,70,65,1
246,http://jimmypm.ehosting.com.tw/pm248.gif,班基拉斯,100,134,110,100,110,95,1
247,http://jimmypm.ehosting.com.tw/pm249.gif,洛奇亞,106,90,130,154,130,90,1
248,http://jimmypm.ehosting.com.tw/pm250.gif,鳳王,106,130,90,154,90,110,1
249,http://jimmypm.ehosting.com.tw/pm251.gif,時拉比,100,100,100,100,100,100,1
250,http://jimmypm.ehosting.com.tw/pm252.gif,木守宮,40,45,35,55,35,65,1
251,http://jimmypm.ehosting.com.tw/pm253.gif,森林蜥蜴,50,65,45,65,45,85,1
252,http://jimmypm.ehosting.com.tw/pm254.gif,蜥蜴王,70,85,65,85,65,105,1
253,http://jimmypm.ehosting.com.tw/pm255.gif,火稚雞,45,60,40,50,40,70,1
254,http://jimmypm.ehosting.com.tw/pm256.gif,力壯雞,60,85,60,60,60,85,1
255,http://jimmypm.ehosting.com.tw/PM257.gif,火焰雞,80,120,70,70,70,110,1
256,http://jimmypm.ehosting.com.tw/pm258.gif,水躍魚,50,70,50,50,50,50,1
257,http://jimmypm.ehosting.com.tw/pm259.gif,沼躍魚,70,85,70,70,70,60,1
258,http://jimmypm.ehosting.com.tw/pm260.gif,巨沼怪,100,110,90,90,90,85,1
259,http://jimmypm.ehosting.com.tw/pm261.gif,土狼犬,35,55,35,30,35,30,1
260,http://jimmypm.ehosting.com.tw/pm262.gif,大狼犬,70,90,70,60,70,60,1
261,http://jimmypm.ehosting.com.tw/pm263.gif,蛇紋熊,38,30,41,41,41,30,1
262,http://jimmypm.ehosting.com.tw/pm264.gif,直衝熊,78,70,61,61,61,50,1
263,http://jimmypm.ehosting.com.tw/pm265.gif,刺尾蟲,45,45,35,30,35,20,1
264,http://jimmypm.ehosting.com.tw/pm266.gif,甲殼繭,50,35,55,25,55,25,1
265,http://jimmypm.ehosting.com.tw/pm267.gif,狩獵鳳蝶,60,70,50,50,50,100,1
266,http://jimmypm.ehosting.com.tw/pm268.gif,盾甲繭,50,35,55,25,55,25,1
267,http://jimmypm.ehosting.com.tw/pm269.gif,毒粉蛾,60,50,70,90,70,50,1
268,http://jimmypm.ehosting.com.tw/pm270.gif,蓮葉童子,40,30,30,50,30,40,1
269,http://jimmypm.ehosting.com.tw/pm271.gif,蓮帽小童,60,50,50,70,50,60,1
270,http://jimmypm.ehosting.com.tw/pm272.gif,樂天河童,80,70,70,100,70,90,1
271,http://jimmypm.ehosting.com.tw/pm273.gif,橡實果,40,40,50,30,50,30,1
272,http://jimmypm.ehosting.com.tw/pm274.gif,長鼻葉,70,70,40,40,40,60,1
273,http://jimmypm.ehosting.com.tw/pm275.gif,狡猾天狗,90,100,60,60,60,90,1
274,http://jimmypm.ehosting.com.tw/pm276.gif,傲骨燕,40,55,30,30,30,30,1
275,http://jimmypm.ehosting.com.tw/pm277.gif,大王燕,60,85,60,50,60,75,1
276,http://jimmypm.ehosting.com.tw/pm278.gif,長翅鷗,40,30,30,30,30,55,1
277,http://jimmypm.ehosting.com.tw/pm279.gif,大嘴鷗,60,50,100,70,100,95,1
278,http://jimmypm.ehosting.com.tw/pm280.gif,拉魯拉絲,28,25,25,35,25,45,1
279,http://jimmypm.ehosting.com.tw/pm281.gif,奇魯莉安,38,35,35,55,35,65,1
280,http://jimmypm.ehosting.com.tw/pm282.gif,沙奈朵,68,65,65,115,65,125,1
281,http://jimmypm.ehosting.com.tw/pm283.gif,溜溜糖球,40,30,32,52,32,50,1
282,http://jimmypm.ehosting.com.tw/pm284.gif,雨翅蛾,70,60,62,82,62,100,1
283,http://jimmypm.ehosting.com.tw/pm285.gif,蘑蘑菇,60,40,60,60,60,40,1
284,http://jimmypm.ehosting.com.tw/pm286.gif,斗笠菇,60,130,80,60,80,60,1
285,http://jimmypm.ehosting.com.tw/pm287.gif,懶人獺,60,60,60,35,60,35,1
286,http://jimmypm.ehosting.com.tw/pm288.gif,過動猿,80,80,80,55,80,55,1
287,http://jimmypm.ehosting.com.tw/pm289.gif,請假王,150,160,100,65,100,95,1
288,http://jimmypm.ehosting.com.tw/pm290.gif,土居忍士,31,45,90,30,90,30,1
289,http://jimmypm.ehosting.com.tw/pm291.gif,鐵面忍者,61,90,45,50,45,50,1
290,http://jimmypm.ehosting.com.tw/pm292.gif,脫殼忍者,1,90,45,30,45,30,1
291,http://jimmypm.ehosting.com.tw/pm293.gif,咕妞妞,64,51,23,23,23,51,1
292,http://jimmypm.ehosting.com.tw/pm294.gif,吼爆彈,84,71,43,43,43,71,1
293,http://jimmypm.ehosting.com.tw/pm295.gif,爆音怪,104,91,63,73,63,91,1
294,http://jimmypm.ehosting.com.tw/pm296.gif,幕下力士,72,60,30,30,30,20,1
295,http://jimmypm.ehosting.com.tw/pm297.gif,鐵掌力士,144,120,60,60,60,40,1
296,http://jimmypm.ehosting.com.tw/pm298.gif,"露力麗
      ",50,20,40,40,40,20,1
297,http://jimmypm.ehosting.com.tw/pm299.gif,朝北鼻,30,45,135,90,135,45,1
298,http://jimmypm.ehosting.com.tw/pm300.gif,向尾喵,50,45,45,35,45,35,1
299,http://jimmypm.ehosting.com.tw/pm301.gif,優雅貓,70,65,65,55,65,55,1
300,http://jimmypm.ehosting.com.tw/pm302.gif,勾魂眼,50,75,75,65,75,65,1
301,http://jimmypm.ehosting.com.tw/pm303.gif,大嘴娃,50,85,85,55,85,55,1
302,http://jimmypm.ehosting.com.tw/pm304.gif,可可多拉,50,70,100,40,100,40,1
303,http://jimmypm.ehosting.com.tw/pm305.gif,可多拉,60,90,140,50,140,50,1
304,http://jimmypm.ehosting.com.tw/pm306.gif,波士可多拉,70,110,180,60,180,60,1
305,http://jimmypm.ehosting.com.tw/pm307.gif,瑪沙那,30,40,55,55,55,40,1
306,http://jimmypm.ehosting.com.tw/pm308.gif,恰雷姆,60,60,75,75,75,60,1
307,http://jimmypm.ehosting.com.tw/pm309.gif,落雷獸,40,45,40,40,40,65,1
308,http://jimmypm.ehosting.com.tw/pm310.gif,雷電獸,70,75,60,60,60,105,1
309,http://jimmypm.ehosting.com.tw/pm311.gif,正電拍拍,60,50,40,75,40,85,1
310,http://jimmypm.ehosting.com.tw/pm312.gif,負電拍拍,60,40,50,85,50,75,1
311,http://jimmypm.ehosting.com.tw/pm313.gif,電螢蟲,65,73,75,85,75,47,1
312,http://jimmypm.ehosting.com.tw/pm314.gif,甜甜螢,65,47,75,85,75,73,1
313,http://jimmypm.ehosting.com.tw/pm315.gif,毒薔薇,50,60,45,80,45,100,1
314,http://jimmypm.ehosting.com.tw/pm316.gif,溶食獸,70,43,53,53,53,43,1
315,http://jimmypm.ehosting.com.tw/pm317.gif,吞食獸,100,73,83,83,83,73,1
316,http://jimmypm.ehosting.com.tw/pm318.gif,利牙魚,45,90,20,20,20,65,1
317,http://jimmypm.ehosting.com.tw/pm319.gif,巨牙鯊,70,120,40,40,40,95,1
318,http://jimmypm.ehosting.com.tw/pm320.gif,吼吼鯨,130,70,35,35,35,70,1
319,http://jimmypm.ehosting.com.tw/pm321.gif,吼鯨王,170,90,45,45,45,90,1
320,http://jimmypm.ehosting.com.tw/pm322.gif,呆火駝,60,60,40,45,40,65,1
321,http://jimmypm.ehosting.com.tw/pm323.gif,噴火駝,70,100,70,75,70,105,1
322,http://jimmypm.ehosting.com.tw/pm324.gif,煤炭龜,70,85,140,70,140,85,1
323,http://jimmypm.ehosting.com.tw/pm325.gif,跳跳豬,60,25,35,80,35,70,1
324,http://jimmypm.ehosting.com.tw/pm326.gif,噗噗豬,80,45,65,110,65,90,1
325,http://jimmypm.ehosting.com.tw/pm327.gif,晃晃斑,60,60,60,60,60,60,1
326,http://jimmypm.ehosting.com.tw/pm328.gif,大顎蟻,45,100,45,45,45,45,1
327,http://jimmypm.ehosting.com.tw/pm329.gif,超音波幼蟲,50,70,50,50,50,50,1
328,http://jimmypm.ehosting.com.tw/pm330.gif,沙漠蜻蜓,80,100,80,80,80,80,1
329,http://jimmypm.ehosting.com.tw/pm331.gif,刺球仙人掌,50,85,40,40,40,85,1
330,http://jimmypm.ehosting.com.tw/pm332.gif,夢歌仙人掌,70,115,60,60,60,115,1
331,http://jimmypm.ehosting.com.tw/pm333.gif,青綿鳥,45,40,60,75,60,40,1
332,http://jimmypm.ehosting.com.tw/pm334.gif,七夕青鳥,75,70,90,105,90,70,1
333,http://jimmypm.ehosting.com.tw/pm335.gif,貓鼬斬,73,115,60,60,60,60,1
334,http://jimmypm.ehosting.com.tw/pm336.gif,飯匙蛇,73,100,60,60,60,100,1
335,http://jimmypm.ehosting.com.tw/pm337.gif,月石,90,55,65,85,65,95,1
336,http://jimmypm.ehosting.com.tw/pm338.gif,太陽岩,90,95,85,65,85,55,1
337,http://jimmypm.ehosting.com.tw/pm339.gif,泥泥鰍,50,48,43,41,43,46,1
338,http://jimmypm.ehosting.com.tw/pm340.gif,鯰魚王,110,78,73,71,73,76,1
339,http://jimmypm.ehosting.com.tw/pm341.gif,龍蝦小兵,43,80,65,35,65,50,1
340,http://jimmypm.ehosting.com.tw/pm342.gif,鐵螫龍蝦,63,120,85,55,85,90,1
341,http://jimmypm.ehosting.com.tw/pm343.gif,天秤偶,40,40,55,70,55,40,1
342,http://jimmypm.ehosting.com.tw/pm344.gif,念力土偶,60,70,105,120,105,70,1
343,http://jimmypm.ehosting.com.tw/pm345.gif,觸手百合,66,41,77,87,77,61,1
344,http://jimmypm.ehosting.com.tw/pm346.gif,搖籃百合,86,81,97,107,97,81,1
345,http://jimmypm.ehosting.com.tw/pm347.gif,太古羽蟲,45,95,50,50,50,40,1
346,http://jimmypm.ehosting.com.tw/pm348.gif,太古盔甲,75,125,100,80,100,70,1
347,http://jimmypm.ehosting.com.tw/pm349.gif,醜醜魚,20,15,20,55,20,10,1
348,http://jimmypm.ehosting.com.tw/pm350.gif,美納斯,95,60,79,125,79,100,1
349,http://jimmypm.ehosting.com.tw/pm351.gif,飄浮泡泡,70,70,70,70,70,70,1
350,http://jimmypm.ehosting.com.tw/pm352.gif,變隱龍,60,90,70,120,70,60,1
351,http://jimmypm.ehosting.com.tw/pm353.gif,怨影娃娃,44,75,35,33,35,63,1
352,http://jimmypm.ehosting.com.tw/pm354.gif,詛咒娃娃,64,115,65,63,65,83,1
353,http://jimmypm.ehosting.com.tw/pm355.gif,夜巡靈,20,40,90,90,90,30,1
354,http://jimmypm.ehosting.com.tw/pm356.gif,彷徨夜靈,40,70,130,130,130,60,1
355,http://jimmypm.ehosting.com.tw/pm357.gif,熱帶龍,99,68,83,87,83,72,1
356,http://jimmypm.ehosting.com.tw/pm358.gif,風鈴鈴,75,50,80,90,80,95,1
357,http://jimmypm.ehosting.com.tw/pm359.gif,阿勃梭魯,65,130,60,60,60,75,1
358,http://jimmypm.ehosting.com.tw/pm360.gif,小果然,95,23,48,48,48,23,1
359,http://jimmypm.ehosting.com.tw/pm361.gif,雪童子,50,50,50,50,50,50,1
360,http://jimmypm.ehosting.com.tw/pm362.gif,冰鬼護,80,80,80,80,80,80,1
361,http://jimmypm.ehosting.com.tw/pm363.gif,海豹球,70,40,50,50,50,55,1
362,http://jimmypm.ehosting.com.tw/pm364.gif,海魔獅,90,60,70,70,70,75,1
363,http://jimmypm.ehosting.com.tw/pm365.gif,帝牙海獅,110,80,90,90,90,95,1
364,http://jimmypm.ehosting.com.tw/pm366.gif,珍珠貝,35,64,85,55,85,74,1
365,http://jimmypm.ehosting.com.tw/pm367.gif,獵斑魚,55,104,105,75,105,94,1
366,http://jimmypm.ehosting.com.tw/pm368.gif,櫻花魚,55,84,105,75,105,114,1
367,http://jimmypm.ehosting.com.tw/pm369.gif,古空棘魚,100,90,130,65,130,45,1
368,http://jimmypm.ehosting.com.tw/pm370.gif,愛心魚,43,30,55,65,55,40,1
369,http://jimmypm.ehosting.com.tw/pm371.gif,寶貝龍,45,75,60,30,60,40,1
370,http://jimmypm.ehosting.com.tw/pm372.gif,甲殼龍,65,95,100,50,100,60,1
371,http://jimmypm.ehosting.com.tw/pm373.gif,暴飛龍,95,135,80,80,80,110,1
372,http://jimmypm.ehosting.com.tw/pm374.gif,鐵啞鈴,40,55,80,60,80,35,1
373,http://jimmypm.ehosting.com.tw/pm375.gif,金屬怪,60,75,100,80,100,55,1
374,http://jimmypm.ehosting.com.tw/pm376.gif,巨金怪,80,135,130,90,130,95,1
375,http://jimmypm.ehosting.com.tw/pm377.gif,雷吉洛克,80,100,200,100,200,50,1
376,http://jimmypm.ehosting.com.tw/pm378.gif,雷吉艾斯,80,50,100,200,100,100,1
377,http://jimmypm.ehosting.com.tw/pm379.gif,雷吉斯奇魯,80,75,150,150,150,75,1
378,http://jimmypm.ehosting.com.tw/pm380.gif,拉帝亞斯,80,80,90,130,90,110,1
379,http://jimmypm.ehosting.com.tw/pm381.gif,拉帝歐斯,80,90,80,110,80,130,1
380,http://jimmypm.ehosting.com.tw/pm382.gif,蓋歐卡,100,100,90,140,90,150,1
381,http://jimmypm.ehosting.com.tw/pm383.gif,固拉多,100,150,140,90,140,100,1
382,http://jimmypm.ehosting.com.tw/pm384.gif,烈空坐,105,150,90,90,90,150,1
383,http://jimmypm.ehosting.com.tw/pm385.gif,基拉祈,100,100,100,100,100,100,1
384,http://jimmypm.ehosting.com.tw/pm386.gif,代歐奇希斯,50,150,50,50,50,150,1
385,http://jimmypm.ehosting.com.tw/pm386a.jpg,代歐奇希斯,50,180,20,20,20,180,1
386,http://jimmypm.ehosting.com.tw/pm386b.jpg,代歐奇希斯,50,70,160,160,160,70,1
387,http://jimmypm.ehosting.com.tw/pm386c.jpg,代歐奇希斯,50,95,90,90,90,95,1
388,"data:image/jpeg;base64,/9j/4AAQSkZJRgABAQAAAQABAAD/2wCEAAkGBxMTEhUTEhMVFRUWFxcaGRgYFx0XFRcXGBcXFx0XGBgYHSggHRolGx0aITEhJSkrLi4uFx8zODMtNygtLisBCgoKDg0OGxAQGi0lHSUuLS8rLS0tLSstLS0tLS0rLS0tLS0tLS0tKy0tLS0tLS0tLS0rLS0tLS0tLS0tLS0tLf/AABEIAQcAwAMBIgACEQEDEQH/xAAbAAEAAgMBAQAAAAAAAAAAAAAAAwUCBAYBB//EAD8QAAEDAQUECAQEBQIHAAAAAAEAAhEDBAUSITFBUWFxBhMigZGhscEyQtHwUmJy4QcUI4KSovEVJENTY7LC/8QAGgEBAAMBAQEAAAAAAAAAAAAAAAECBAMFBv/EACQRAQEAAwADAQEAAQUBAAAAAAABAgMREiExBEFxIkJRYYEF/9oADAMBAAIRAxEAPwD7iiIgIiICIiAiIgIiICIiAiIgIiICIiAiIgIiICIiAiIgIiICIiAiIgIi17ZbWUxLjyG08gg2F45wGpAXMW6/nuyZ2Rv2qqdaCTLiSeOa55bJHXDTlk7ltZp0cDyIUi4am9WFmvB7dHZbjmFE2yrZaLHUoqqy3wDk8RxGis2PBEggjguksrjZZ9ZIiKUCIiAiIgIiICIiAiIgIiICIqDpbfBosFOmYrVZDd7WjV/mAOJ4IF8dIA1xo0YdUHxHVtPnvdwXM2m2EkkuLidSdSsbPRFNmEZuJlx2kn91X1HZnb6LPnnWnVrn9bbaylAWvZxK3KbVlyvW2Y8ZhZsdC9aEAVepqRtQrZoWt7DLDB4/CeBC1CsmOXbHOuWeuV0903q2sCIw1G/Ew6jiN7eKsVw9ZjmvFSnlUZpucNrXcD+67CwWttWm2o3RwmDqDtB4gyO5a8MusGeHjWwiIrqCIiAiIgIiICIiAiIgL51eVs6y01akzDurbwZTJblzdiPeF9AtVbAxz/wtcfAEr5dYvgzOeU751JVM76X1ztbTqsZquL5KltFRQMmVmzrdriysy3qYWnZmyFu0m5LO0VnC2LPSlaz9M9QprPUJyUz6pfiW0UoWu0LbrPyWsw9oc1a/UTvFsLLLpG5WF2Uerc5mx3bA3HR3d8J5kqK7zJ7p+/JbnzsPBw9D7LfjHm5228bSIisoIiICIiAiIgIiICIiCt6SPiyVz/4n+bSF85sp7IX0u+Gh1GowkAvY4DPUkHTevmlgJNGTrig+S57HXV9a1qqgAudkB9wOMqmffkHJvIDVX1vpNIDSJjUcVJZ7FTj4WjuErhbJ9apLfisu6/zMOZA4mF2VhtbXs0zVGbgZq0jlkfBSNxU4GxUuU/jpMb/aubU3Ixs+o9lpstYbrmp7LUxM2SclX1qYBgn6qnr6t7+Ni1X9SGWHCsaV6sxAOBg6HZmdVFZbLRcYIBPGStx110flA4Qcle2VXljqrsENErYn+owc/QqtuSsC3DObfMaKwAHXN/K2fGQteFlx9PP2SzK9WCIiuoIiICIiAiIgIiICIiD5N0wt5q22qxx7DIAP4Y181JdwIounUPPH5WlaPS2j1VstJPzOae54x/RblxWrrLOTtDnDwDY8oWX+1usnjFVWt7w89kk5xs7zMR4rX/krXWzDxTbnAYe1nocQiO7VdAyztJgRPFbbbG3Qtz36rnlnx1xx65S6ujVspku/miTOQc9zwcx8QJ3ble30xwpMc8YXznBkZbjlkclaMY1mcQqi3WvrDB3qtyuXtaY+PqL67bO002l2ogjgVXXrYSXmCQCBB1A1n213q0sQ7AUz2giFXqXzt3QQVKvWGtnGZiHzlmCXZHjxXVWW6q1J2JlZzh+B+beQdmfGeStzZZzhp5jNZMobgGxuV7llfqkxxnuMbse4PaYiTBz37NFYX5OPhgBidTLlDZmdoR4Ka+aoLw38mfiVeXmuudndsWPRq0ufR7erXFvcNFaqi6LfDUG5/qFerRqvcIy75JssgiIujkIiICIiAiIgIiIPmP8AEywE2lpH/WY0DdjYSI/xIVdcTooFu0ZnnmD6ei+g9Mrq6+hLR/UpnGzflqPD0C4C7c2vyAkEx3/fgs+c5k2a8vLX/hnZj2pO9dBRcIXNU35DeFv0bbsCz5Rpx+Ni9rQ1rO1wgcZy81T2WzQ6S6ZK1b7qPe8QDDcxzVZa7VaC9ppktA1YW4ge8Z+atMfSLlx9JsTexqMkqAxIIVBdNprPGEgskakZ8wDqp7tuyrSJm0VKwOvWYcv04QAFW4nfa0s1tEEOyI1zW2K0haFWzgkHuPFZGp3KO2J5K3KA7QzUd4VC4iBtknc3b5worNV7YnRT9WXOIHzQAO5TL/p4jnMurbovTPVucfmcfBXShsdnFNgaNimW7DHxxkedsy8s7RERWUEREBERAREQEREBcX0huNtJxqsya8FpbuJ7UjhkV2irOkdHFZ3/AJYd4HPylVynYvhlZXyvD2hxySnVLJy0MKW0DOdxz5rKtBDidHgQdzxl6Qsjf3s9NX+cBMnLPbotmhbqYIMzyBVDbLtdikOdH6jHIjReUaDgc3Fv9oI8Vbk4rO9duy8KZIcCTGwA++S2heNPfHMR5rl7ts4DofVdBz7IA9QVYf8AD2vd2etwfmdme4R4qt9OvjFyLU0GJlStzzKq7Pc9JhljA3lp37zxVgx+nD1VMr1EnErV1lgsLWCY7RGZOzgFythbjqNbvI9V2y7/AJ8fXWb9OXyQREWlkEREBERAREQEREBERAVR0qvqlZLNUrVpLQIwjVxOUBW6+U/xStf8y2pRaeyAWj9X4vH0V8MLki5cadseJyWmKhB4HYqK7L1c+m3F8QAaZ/EMs1ZU7RKxWN+N9Lamco1B8QsxYROpHLVaNC0RmrSy2gRmqWV1xsSWW6hMlz/8ldU7JhECfHPxWtRrN2FTutbd6p9T/hkGbVDVOEeQXj7ZOTVNdt3dbUbjJwzpvlJjaXOYzq16LWIl3WkdkZDifoF1CxYwAAAQBoBoFkt2GMxnHnbM7ne0REVlBERAREQEREBEXjnAZnJB6iqbbfjGZM7R8G+O1UFtvy0GcNRrOTNO8krthozyUuyRvdK78wB1Kme18x3T8o4r5zaswVvPLnySZcHEOPEbe8Qe9RtoRxW7XqmM4zZZ21xt4Wc0n4wOy/I896no19PXf+66W02IVQWHQ5cQd65Z1mdTc6m8Zgxw4EcDrK839mnwy8p8r0fybfLHxv2LOjVlbNN7tiqAHCIiNu+OEFWFjLjpmsXWuRvtqv3qak1x1JW3d13YtSe6Pqrqz3Y1ugnmqXJ08UFiZhaABqriz3lTs+B9UwzEGzuLpzPDU9yksdnGEzEhcT/Em04WUKIOZc6of7RhH/s7wXXVO5Rw3X/TX2NrgRIzB0K9Xzz+GHSTG3+WqHMfATu/D7hfQ1qynKwyiIihIiIgIiICxe8ASSABtKp7d0hptyZ2z4NHMrnrbb6lSS86aNGi74aMsvvpzy2SOitl/tGTBiO86eG1UNsvSpU+J2W4ZDy91pF4gEjVSDyWvDTjj/HG52oqjzEkpTZnnu/3WJGcbApwV1VVD6UV3t2VGhw/U3snyw+CjrUy107Ct28Gw6m/8Lo7n9n1IUrRsP3sVpUWKN5g969tdgZX7Q+NviW7j3+q27fZRKxsFQMkuyyMzkIEzJ4Ku3DHZjyp153DLsYWO52bf2U1S6gzMCPRTXbeFKri6t4eGmDqO+DHirUN7K+d3a8tedxr3dWybMfKKGz2wsdB+i6dtQYZ4Ln7wsjXcDsKzsjXxhLsguXp1XDLbAMZk+C+YdO3PNsZVJlr24ANgwknLnMr6G5mFpPDJcR0ypy2jtIqD3nylddWV8o4bsZ41F0fqOZUDmZFuY5gyvut029tek2o3aMxuO0L4PdtSDpP0+4XeXB0jFmLGuBLKrg0RoHEEjxgr1rq8sPX2PK8uZPpCLWsltZUAwu2TG1bKy2WfXYREUAiIg+cNfGR/ZTZELSDhps0I+969pVsLoOhXscYutsMygrVLnMO8LciF45gIhIlDTrAqQOC1H0sJU9MypsR0tYBbyIPg4FYVagbkdSTAGp48lXXxacJY0Tm5pIGpAM+ydfVeZp02sn5nklx7h7pw62bdmDOUbd0H9wuF6T3m6p/SZkzV2o6wjbB+UHx1XbUbE4dqpUNQ8oaOTRl3rSva5W1cxk5RZ2cJ9cp0RtQbUdIdIEhwOYzOTm/M2JX0a47zbXbLdRqNxXz203M+k7a07xtWvY3VaLpYeY2Effcsm7882TmX/laNW6672PqlooKKjT4QtLozfdOtTDPhqNEFriZMbQSST7K/AXibNWWvLxyevr24549jTr05gLnq9kD678QkMbl+p0z4CP8iutwiCSucoPkl/4yT9PKFr/Br8tnb8jN+zPmvn/Ll20sDy3PUgHkUvi0ljaTBsc2oTuLfhy1E9o+CmfSPWubhkdbmN2KM/VajqL21D1oDycnT8w+4jdAXsycry7evptBhyLSc8wdrSd/Bb9kv5zHYaskb/madx3jiqvo/XDqAbMua0DPUgfCfCJ4yvbyILu4ea5XGZXmS0tnuOzs9oa8S0yFKuGp2h1MUy0wRi8DA9l1N13mKrROTto2TwWTZpuPufHXHPqwREXF0fKqhiq4bCvXtkEbZy57/velvb2xyBWU6Hx+/vVe0wpbqtWJuE6hbpyXPWqoaVUP2O15/wCy6Fjg4AjaosTHjmyoMEFTtMarMiVEqWs+mDnAmFr1KZGi3S1eNU9RxqUbTsKkqNC9tFlBzWtScRkUE1SiHNhwlczel2lhkaLraZUNWiDLTooHAueWPDmZEGRGs719LuC8RaKLX5To4bnDX6965C0XJirMY1wGMnM5wAC45b4CsrFQNgtLaeLHTqgTG+SA6JOhHgeCy/r1TZj4/wC6e40fm23DLv8AFl0pvHqqJA1eQzx18pUNjZDATrGipOllfrLUynqKbS88zkPKVdNcMm5++i5f/Pw5ha6fsy7nI0hZA6qKkaQTsMjMc84yWV43d1gkZOHnwVjCyAW9jY9FKZBDaggtnCZ2buXDgFYWr4zzWhTcWuBGoVk97X9oZHaFWzl6mfENsiWj8o9SVFZ62Elp0P2D3KW8B2hyC1HJJ2FdJdt+YcDaplpntbs8p4LowV82tByb+n/6cuz6LWnHZ2zq2W+Gnksn6NMxnlHbXn28rgbY7ssduOE94hYurYYJGR1UlJuJhYdvrkQonU8TCDrmO/Rb2dDe9PFRMZlpn77vVT9GbZjZhJzb6LRu6tia6m7UAg+ce/kq64bT1doLDtMIO3eF412xZgyFG5UWZuEqKM1Ixy9eNqA5atamtsBR1Apg1KRhTuEqOoxZsKlCvvGw4sLgSHNzB4yNo05rSxmtTcHEmowzmSSSNNc1eO3Ln7wcKNbF8r/IhWx4iqywB9a01XbTUcNJyZkusoUQ3n6DcqrovQApuq6dY9xHLET5z5K8C46sPDCR0zy8suvWtXsLwFeyrqsCM1nTMQsSvQUQntmZ7gtRxnmp6pmOQUD96iJrG06NP5fcq16KW1zKjGT2KgiOOcH2VTaNBy9ylOqWPpOGyD4OKZ4+WPiS8vUdPX73LOsM53681qU3EOLTv9ltVKogA6O27irqqC8z1NZtQaOifT6FVF7nq67XbCfoVcdLG/0CdoKoukJxU2P4A+X1Sj6Jd9bEwHgtgqg6LWrHRaeAV+Sq1MYBZtOSjIWTVCWYRwlewvEENRqjU7woXKR5U3rkOm1rw9W2JJP1XXuXJX9RFS32Rm44jyYS/wBvNWl9IrqLPQDGNYNGtA8BCmCN2odFA9H34JC8GxekqBgV6F6QvEGQOijes2ryoEENc/COHuVBbTGHkPUlT1T2o2wPSVp3o7tDuH+lWx+or220s5Xlq7VA7wJ8M/qt60U5Eha1nbkWnQhJRQ37aOssuLfM/qaCuZvK1/8ALUwde1H9uH6q9oMJFpszvib228Rt8QuXfQNWlRYdlV+LkAZCX/ojsOglU9SAdnoTK7Om6QuOuQhmW+F1FlqplCVsOK9BXrhkoyqLJ2lFG1ykCDwhQuYp14Qg13tXOtp4ryxf9uz+b6kDyxLpajFU3G+LXaK0TDqVPuazEfOp5Kf4hZNO1eyvXfX2WIQCVjiWDh2hyPsvXBBk5yTmsYWOGUHpesW114KR3yvcIU+ho2qrNqA5d0NCwvJ8uneSfNY2Z4NWo4amTPCcgo7ydmF0k9q1c2N/ZzXlSjC8RcllHelnwWujXHzh1J43yC4H/S4d65mmwCo8bGVqnnCIrIWVCvBXS3bXkIitl8RFvTcsnhEXJdGSpMcIikOsXj6sIigalotGq0OjDsVJz/x1ap8Hlg8mhEVqiLJ2S8xIiDzF2geB9QhdmiIH36I33RFA9Wlb65ZTe4ahp8YREhWpdVHCwTqdVFemoRF2n1S/H//Z",韓國瑜,30,1,1,1,1,1,1
